aa_pos,center_idx,nbhd_case,nbhd_ctrl,total_case,total_ctrl,case_pct,ctrl_pct,odds_ratio,p_value,bonferroni_cutoff,bonferroni_significant
412,342,14,6,62,191,0.22580645161290322,0.031413612565445025,8.993055555555555,9.175379895686685e-06,0.00022831050228310504,True
107,85,14,6,62,191,0.22580645161290322,0.031413612565445025,8.993055555555555,9.175379895686685e-06,0.00022831050228310504,True
840,770,14,6,62,191,0.22580645161290322,0.031413612565445025,8.993055555555555,9.175379895686685e-06,0.00022831050228310504,True
113,91,10,4,62,191,0.16129032258064516,0.020942408376963352,8.990384615384615,0.0001827534691754094,0.00022831050228310504,True
355,285,9,3,62,191,0.14516129032258066,0.015706806282722512,10.641509433962264,0.00022910744598270396,0.00022831050228310504,False
401,331,15,12,62,191,0.24193548387096775,0.06282722513089005,4.76063829787234,0.00023770885277846841,0.00022831050228310504,False
403,333,13,9,62,191,0.20967741935483872,0.04712041884816754,5.365079365079365,0.00029863843868255577,0.00022831050228310504,False
868,798,14,11,62,191,0.22580645161290322,0.05759162303664921,4.7727272727272725,0.00036437951396813234,0.00022831050228310504,False
157,135,12,9,62,191,0.1935483870967742,0.04712041884816754,4.8533333333333335,0.0008343759674477946,0.00022831050228310504,False
399,329,12,9,62,191,0.1935483870967742,0.04712041884816754,4.8533333333333335,0.0008343759674477946,0.00022831050228310504,False
862,792,13,11,62,191,0.20967741935483872,0.05759162303664921,4.341372912801484,0.0009735285723218827,0.00022831050228310504,False
117,95,10,7,62,191,0.16129032258064516,0.03664921465968586,5.054945054945055,0.0018454252220914931,0.00022831050228310504,False
160,138,11,11,62,191,0.1774193548387097,0.05759162303664921,3.5294117647058822,0.006040484188154705,0.00022831050228310504,False
463,393,10,10,62,191,0.16129032258064516,0.05235602094240838,3.480769230769231,0.009090990530570173,0.00022831050228310504,False
168,146,10,10,62,191,0.16129032258064516,0.05235602094240838,3.480769230769231,0.009090990530570173,0.00022831050228310504,False
522,452,12,14,62,191,0.1935483870967742,0.07329842931937172,3.0342857142857143,0.009216887821898511,0.00022831050228310504,False
1008,938,8,7,62,191,0.12903225806451613,0.03664921465968586,3.894179894179894,0.012684068970359728,0.00022831050228310504,False
618,548,11,13,62,191,0.1774193548387097,0.06806282722513089,2.953242835595777,0.013787934542727694,0.00022831050228310504,False
847,777,10,11,62,191,0.16129032258064516,0.05759162303664921,3.1468531468531467,0.013938370471942711,0.00022831050228310504,False
524,454,12,16,62,191,0.1935483870967742,0.08376963350785341,2.625,0.01872570461595603,0.00022831050228310504,False
159,137,8,8,62,191,0.12903225806451613,0.041884816753926704,3.388888888888889,0.02039805866507315,0.00022831050228310504,False
877,807,10,12,62,191,0.16129032258064516,0.06282722513089005,2.8685897435897436,0.020519942375099375,0.00022831050228310504,False
398,328,11,15,62,191,0.1774193548387097,0.07853403141361257,2.530718954248366,0.027505843663713746,0.00022831050228310504,False
879,809,10,13,62,191,0.16129032258064516,0.06806282722513089,2.633136094674556,0.029150721647370755,0.00022831050228310504,False
995,925,8,9,62,191,0.12903225806451613,0.04712041884816754,2.9958847736625516,0.030987164068786655,0.00022831050228310504,False
773,703,12,18,62,191,0.1935483870967742,0.09424083769633508,2.3066666666666666,0.03430025564121323,0.00022831050228310504,False
663,593,10,14,62,191,0.16129032258064516,0.07329842931937172,2.431318681318681,0.04012414100783008,0.00022831050228310504,False
776,706,9,12,62,191,0.14516129032258066,0.06282722513089005,2.5330188679245285,0.04274827012349642,0.00022831050228310504,False
171,149,8,10,62,191,0.12903225806451613,0.05235602094240838,2.6814814814814816,0.044869660729417844,0.00022831050228310504,False
684,614,12,19,62,191,0.1935483870967742,0.09947643979057591,2.1726315789473682,0.044904543235353665,0.00022831050228310504,False
365,295,6,6,62,191,0.0967741935483871,0.031413612565445025,3.3035714285714284,0.04560687976458871,0.00022831050228310504,False
1025,955,7,8,62,191,0.11290322580645161,0.041884816753926704,2.911363636363636,0.046064606194756004,0.00022831050228310504,False
853,783,7,8,62,191,0.11290322580645161,0.041884816753926704,2.911363636363636,0.046064606194756004,0.00022831050228310504,False
441,371,9,13,62,191,0.14516129032258066,0.06806282722513089,2.32510885341074,0.05813711241084823,0.00022831050228310504,False
172,150,7,9,62,191,0.11290322580645161,0.04712041884816754,2.573737373737374,0.06602747649562045,0.00022831050228310504,False
520,450,7,9,62,191,0.11290322580645161,0.04712041884816754,2.573737373737374,0.06602747649562045,0.00022831050228310504,False
1022,952,7,9,62,191,0.11290322580645161,0.04712041884816754,2.573737373737374,0.06602747649562045,0.00022831050228310504,False
518,448,6,7,62,191,0.0967741935483871,0.03664921465968586,2.816326530612245,0.06847725261685067,0.00022831050228310504,False
794,724,9,14,62,191,0.14516129032258066,0.07329842931937172,2.146900269541779,0.07677122075879804,0.00022831050228310504,False
921,851,8,12,62,191,0.12903225806451613,0.06282722513089005,2.2098765432098766,0.08367661962848148,0.00022831050228310504,False
991,921,7,10,62,191,0.11290322580645161,0.05235602094240838,2.3036363636363637,0.09055569519440408,0.00022831050228310504,False
688,618,11,20,62,191,0.1774193548387097,0.10471204188481675,1.8441176470588236,0.10033793681570337,0.00022831050228310504,False
338,268,5,6,62,191,0.08064516129032258,0.031413612565445025,2.7046783625730995,0.10201377888997748,0.00022831050228310504,False
622,552,8,13,62,191,0.12903225806451613,0.06806282722513089,2.0284900284900287,0.10886329624693379,0.00022831050228310504,False
1011,941,8,13,62,191,0.12903225806451613,0.06806282722513089,2.0284900284900287,0.10886329624693379,0.00022831050228310504,False
683,613,12,23,62,191,0.1935483870967742,0.12041884816753927,1.7530434782608695,0.10991120700863762,0.00022831050228310504,False
693,623,10,18,62,191,0.16129032258064516,0.09424083769633508,1.8482905982905984,0.11164956298785837,0.00022831050228310504,False
415,345,7,11,62,191,0.11290322580645161,0.05759162303664921,2.0826446280991737,0.11962862621757722,0.00022831050228310504,False
627,557,12,24,62,191,0.1935483870967742,0.1256544502617801,1.67,0.13222348692136968,0.00022831050228310504,False
696,626,10,19,62,191,0.16129032258064516,0.09947643979057591,1.7408906882591093,0.13690380230811783,0.00022831050228310504,False
418,348,8,14,62,191,0.12903225806451613,0.07329842931937172,1.873015873015873,0.13784968701041125,0.00022831050228310504,False
509,439,4,5,62,191,0.06451612903225806,0.02617801047120419,2.56551724137931,0.15278524503657628,0.00022831050228310504,False
1012,942,7,12,62,191,0.11290322580645161,0.06282722513089005,1.8984848484848484,0.1530315682442015,0.00022831050228310504,False
715,645,7,12,62,191,0.11290322580645161,0.06282722513089005,1.8984848484848484,0.1530315682442015,0.00022831050228310504,False
940,870,8,15,62,191,0.12903225806451613,0.07853403141361257,1.7382716049382716,0.1704248690112716,0.00022831050228310504,False
612,542,9,18,62,191,0.14516129032258066,0.09424083769633508,1.6320754716981132,0.18440015132620668,0.00022831050228310504,False
99,77,5,8,62,191,0.08064516129032258,0.041884816753926704,2.0065789473684212,0.18844640143836516,0.00022831050228310504,False
716,646,7,13,62,191,0.11290322580645161,0.06806282722513089,1.7426573426573426,0.19037654057574316,0.00022831050228310504,False
713,643,8,16,62,191,0.12903225806451613,0.08376963350785341,1.6203703703703705,0.20625756921221805,0.00022831050228310504,False
854,784,5,9,62,191,0.08064516129032258,0.04712041884816754,1.773879142300195,0.23926666586970105,0.00022831050228310504,False
792,722,9,20,62,191,0.14516129032258066,0.10471204188481675,1.4518867924528303,0.25574167563779127,0.00022831050228310504,False
543,473,6,12,62,191,0.0967741935483871,0.06282722513089005,1.5982142857142858,0.2598016865078759,0.00022831050228310504,False
388,318,6,12,62,191,0.0967741935483871,0.06282722513089005,1.5982142857142858,0.2598016865078759,0.00022831050228310504,False
437,367,8,18,62,191,0.12903225806451613,0.09424083769633508,1.4238683127572016,0.2858917128352605,0.00022831050228310504,False
941,871,8,18,62,191,0.12903225806451613,0.09424083769633508,1.4238683127572016,0.2858917128352605,0.00022831050228310504,False
930,860,3,5,62,191,0.04838709677419355,0.02617801047120419,1.8915254237288135,0.30775181110296423,0.00022831050228310504,False
370,300,6,13,62,191,0.0967741935483871,0.06806282722513089,1.467032967032967,0.30908020262957175,0.00022831050228310504,False
498,428,7,16,62,191,0.11290322580645161,0.08376963350785341,1.3920454545454546,0.3202707062152295,0.00022831050228310504,False
701,631,7,16,62,191,0.11290322580645161,0.08376963350785341,1.3920454545454546,0.3202707062152295,0.00022831050228310504,False
692,622,8,19,62,191,0.12903225806451613,0.09947643979057591,1.341130604288499,0.328625001891704,0.00022831050228310504,False
458,388,8,19,62,191,0.12903225806451613,0.09947643979057591,1.341130604288499,0.328625001891704,0.00022831050228310504,False
1023,953,4,8,62,191,0.06451612903225806,0.041884816753926704,1.5775862068965518,0.3340323048490889,0.00022831050228310504,False
586,516,10,25,62,191,0.16129032258064516,0.13089005235602094,1.2769230769230768,0.3400561484083425,0.00022831050228310504,False
123,101,5,11,62,191,0.08064516129032258,0.05759162303664921,1.4354066985645932,0.34963395734407365,0.00022831050228310504,False
264,242,6,14,62,191,0.0967741935483871,0.07329842931937172,1.3545918367346939,0.35995320065264136,0.00022831050228310504,False
502,432,6,14,62,191,0.0967741935483871,0.07329842931937172,1.3545918367346939,0.35995320065264136,0.00022831050228310504,False
467,397,6,14,62,191,0.0967741935483871,0.07329842931937172,1.3545918367346939,0.35995320065264136,0.00022831050228310504,False
263,241,6,14,62,191,0.0967741935483871,0.07329842931937172,1.3545918367346939,0.35995320065264136,0.00022831050228310504,False
791,721,7,17,62,191,0.11290322580645161,0.08900523560209424,1.302673796791444,0.3672172920399988,0.00022831050228310504,False
425,355,7,17,62,191,0.11290322580645161,0.08900523560209424,1.302673796791444,0.3672172920399988,0.00022831050228310504,False
787,717,7,17,62,191,0.11290322580645161,0.08900523560209424,1.302673796791444,0.3672172920399988,0.00022831050228310504,False
451,381,8,20,62,191,0.12903225806451613,0.10471204188481675,1.2666666666666666,0.372530620116953,0.00022831050228310504,False
745,675,9,23,62,191,0.14516129032258066,0.12041884816753927,1.2403609515996719,0.3765093350024957,0.00022831050228310504,False
755,685,9,23,62,191,0.14516129032258066,0.12041884816753927,1.2403609515996719,0.3765093350024957,0.00022831050228310504,False
988,918,4,9,62,191,0.06451612903225806,0.04712041884816754,1.3946360153256705,0.39873715080941075,0.00022831050228310504,False
377,307,4,9,62,191,0.06451612903225806,0.04712041884816754,1.3946360153256705,0.39873715080941075,0.00022831050228310504,False
126,104,5,12,62,191,0.08064516129032258,0.06282722513089005,1.3084795321637428,0.40653255078836414,0.00022831050228310504,False
969,899,6,15,62,191,0.0967741935483871,0.07853403141361257,1.2571428571428571,0.4114812158176385,0.00022831050228310504,False
432,362,6,15,62,191,0.0967741935483871,0.07853403141361257,1.2571428571428571,0.4114812158176385,0.00022831050228310504,False
815,745,8,21,62,191,0.12903225806451613,0.1099476439790576,1.199294532627866,0.41702164658520496,0.00022831050228310504,False
382,312,4,10,62,191,0.06451612903225806,0.05235602094240838,1.2482758620689656,0.4625253447852945,0.00022831050228310504,False
935,865,4,10,62,191,0.06451612903225806,0.05235602094240838,1.2482758620689656,0.4625253447852945,0.00022831050228310504,False
722,652,4,10,62,191,0.06451612903225806,0.05235602094240838,1.2482758620689656,0.4625253447852945,0.00022831050228310504,False
375,305,6,16,62,191,0.0967741935483871,0.08376963350785341,1.171875,0.46278712746899386,0.00022831050228310504,False
767,697,5,13,62,191,0.08064516129032258,0.06806282722513089,1.2010796221322537,0.46296749858855185,0.00022831050228310504,False
882,812,6,17,62,191,0.0967741935483871,0.08900523560209424,1.096638655462185,0.5130870408526753,0.00022831050228310504,False
387,317,5,14,62,191,0.08064516129032258,0.07329842931937172,1.1090225563909775,0.5179272471453304,0.00022831050228310504,False
906,836,5,14,62,191,0.08064516129032258,0.07329842931937172,1.1090225563909775,0.5179272471453304,0.00022831050228310504,False
897,827,4,11,62,191,0.06451612903225806,0.05759162303664921,1.128526645768025,0.524008526046188,0.00022831050228310504,False
912,842,4,11,62,191,0.06451612903225806,0.05759162303664921,1.128526645768025,0.524008526046188,0.00022831050228310504,False
547,477,3,8,62,191,0.04838709677419355,0.041884816753926704,1.1631355932203389,0.5322594388715998,0.00022831050228310504,False
561,491,6,18,62,191,0.0967741935483871,0.09424083769633508,1.0297619047619047,0.5617102904569007,0.00022831050228310504,False
884,814,5,15,62,191,0.08064516129032258,0.07853403141361257,1.0292397660818713,0.5705852626428936,0.00022831050228310504,False
657,587,9,28,62,191,0.14516129032258066,0.14659685863874344,0.988544474393531,0.5831678600632848,0.00022831050228310504,False
817,747,7,22,62,191,0.11290322580645161,0.11518324607329843,0.9776859504132231,0.598295002360811,0.00022831050228310504,False
202,180,7,22,62,191,0.11290322580645161,0.11518324607329843,0.9776859504132231,0.598295002360811,0.00022831050228310504,False
128,106,3,9,62,191,0.04838709677419355,0.04712041884816754,1.0282485875706215,0.5983351502124368,0.00022831050228310504,False
608,538,6,19,62,191,0.0967741935483871,0.09947643979057591,0.9699248120300752,0.6081096773465227,0.00022831050228310504,False
137,115,5,16,62,191,0.08064516129032258,0.08376963350785341,0.9594298245614035,0.6203052772757858,0.00022831050228310504,False
885,815,5,16,62,191,0.08064516129032258,0.08376963350785341,0.9594298245614035,0.6203052772757858,0.00022831050228310504,False
1016,946,2,6,62,191,0.03225806451612903,0.031413612565445025,1.0277777777777777,0.624141883488506,0.00022831050228310504,False
646,576,4,13,62,191,0.06451612903225806,0.06806282722513089,0.9442970822281167,0.6361644073546455,0.00022831050228310504,False
728,658,4,13,62,191,0.06451612903225806,0.06806282722513089,0.9442970822281167,0.6361644073546455,0.00022831050228310504,False
980,910,4,13,62,191,0.06451612903225806,0.06806282722513089,0.9442970822281167,0.6361644073546455,0.00022831050228310504,False
981,911,4,13,62,191,0.06451612903225806,0.06806282722513089,0.9442970822281167,0.6361644073546455,0.00022831050228310504,False
589,519,7,23,62,191,0.11290322580645161,0.12041884816753927,0.9296442687747035,0.639918911499503,0.00022831050228310504,False
765,695,3,10,62,191,0.04838709677419355,0.05235602094240838,0.9203389830508475,0.6582145500333447,0.00022831050228310504,False
541,471,3,10,62,191,0.04838709677419355,0.05235602094240838,0.9203389830508475,0.6582145500333447,0.00022831050228310504,False
129,107,3,10,62,191,0.04838709677419355,0.05235602094240838,0.9203389830508475,0.6582145500333447,0.00022831050228310504,False
187,165,5,17,62,191,0.08064516129032258,0.08900523560209424,0.8978328173374613,0.6666341448660187,0.00022831050228310504,False
597,527,4,14,62,191,0.06451612903225806,0.07329842931937172,0.8719211822660099,0.685649238430672,0.00022831050228310504,False
132,110,4,14,62,191,0.06451612903225806,0.07329842931937172,0.8719211822660099,0.685649238430672,0.00022831050228310504,False
223,201,8,28,62,191,0.12903225806451613,0.14659685863874344,0.8624338624338624,0.7033067364077465,0.00022831050228310504,False
184,162,3,11,62,191,0.04838709677419355,0.05759162303664921,0.8320493066255779,0.7115843332828129,0.00022831050228310504,False
139,117,3,11,62,191,0.04838709677419355,0.05759162303664921,0.8320493066255779,0.7115843332828129,0.00022831050228310504,False
216,194,7,25,62,191,0.11290322580645161,0.13089005235602094,0.8450909090909091,0.7156793699485458,0.00022831050228310504,False
739,669,4,15,62,191,0.06451612903225806,0.07853403141361257,0.8091954022988506,0.73037510277343,0.00022831050228310504,False
185,163,4,15,62,191,0.06451612903225806,0.07853403141361257,0.8091954022988506,0.73037510277343,0.00022831050228310504,False
477,407,4,15,62,191,0.06451612903225806,0.07853403141361257,0.8091954022988506,0.73037510277343,0.00022831050228310504,False
284,262,3,12,62,191,0.04838709677419355,0.06282722513089005,0.7584745762711864,0.7584782850919691,0.00022831050228310504,False
469,399,6,23,62,191,0.0967741935483871,0.12041884816753927,0.782608695652174,0.7647906389155793,0.00022831050228310504,False
499,429,4,16,62,191,0.06451612903225806,0.08376963350785341,0.7543103448275862,0.7703225628060639,0.00022831050228310504,False
234,212,4,16,62,191,0.06451612903225806,0.08376963350785341,0.7543103448275862,0.7703225628060639,0.00022831050228310504,False
647,577,4,16,62,191,0.06451612903225806,0.08376963350785341,0.7543103448275862,0.7703225628060639,0.00022831050228310504,False
201,179,6,24,62,191,0.0967741935483871,0.1256544502617801,0.7455357142857143,0.7960085707695985,0.00022831050228310504,False
732,662,3,13,62,191,0.04838709677419355,0.06806282722513089,0.6962190352020861,0.7991732626639099,0.00022831050228310504,False
236,214,3,13,62,191,0.04838709677419355,0.06806282722513089,0.6962190352020861,0.7991732626639099,0.00022831050228310504,False
936,866,3,13,62,191,0.04838709677419355,0.06806282722513089,0.6962190352020861,0.7991732626639099,0.00022831050228310504,False
180,158,4,17,62,191,0.06451612903225806,0.08900523560209424,0.7058823529411765,0.8056207476367176,0.00022831050228310504,False
431,361,4,17,62,191,0.06451612903225806,0.08900523560209424,0.7058823529411765,0.8056207476367176,0.00022831050228310504,False
607,537,4,17,62,191,0.06451612903225806,0.08900523560209424,0.7058823529411765,0.8056207476367176,0.00022831050228310504,False
485,415,4,17,62,191,0.06451612903225806,0.08900523560209424,0.7058823529411765,0.8056207476367176,0.00022831050228310504,False
61,39,7,28,62,191,0.11290322580645161,0.14659685863874344,0.740909090909091,0.8086406199097596,0.00022831050228310504,False
606,536,3,14,62,191,0.04838709677419355,0.07329842931937172,0.6428571428571429,0.8341037316587523,0.00022831050228310504,False
87,65,4,18,62,191,0.06451612903225806,0.09424083769633508,0.6628352490421456,0.8365066593635395,0.00022831050228310504,False
649,579,4,18,62,191,0.06451612903225806,0.09424083769633508,0.6628352490421456,0.8365066593635395,0.00022831050228310504,False
610,540,4,18,62,191,0.06451612903225806,0.09424083769633508,0.6628352490421456,0.8365066593635395,0.00022831050228310504,False
643,573,2,10,62,191,0.03225806451612903,0.05235602094240838,0.6033333333333334,0.8388507394930834,0.00022831050228310504,False
679,609,4,19,62,191,0.06451612903225806,0.09947643979057591,0.6243194192377496,0.8632899311867986,0.00022831050228310504,False
599,529,4,19,62,191,0.06451612903225806,0.09947643979057591,0.6243194192377496,0.8632899311867986,0.00022831050228310504,False
670,600,4,19,62,191,0.06451612903225806,0.09947643979057591,0.6243194192377496,0.8632899311867986,0.00022831050228310504,False
601,531,4,19,62,191,0.06451612903225806,0.09947643979057591,0.6243194192377496,0.8632899311867986,0.00022831050228310504,False
44,22,3,15,62,191,0.04838709677419355,0.07853403141361257,0.5966101694915255,0.8637946303043683,0.00022831050228310504,False
133,111,3,15,62,191,0.04838709677419355,0.07853403141361257,0.5966101694915255,0.8637946303043683,0.00022831050228310504,False
66,44,5,23,62,191,0.08064516129032258,0.12041884816753927,0.6407322654462243,0.866319738520665,0.00022831050228310504,False
206,184,6,27,62,191,0.0967741935483871,0.14136125654450263,0.6507936507936508,0.8712061337516805,0.00022831050228310504,False
481,411,2,11,62,191,0.03225806451612903,0.05759162303664921,0.5454545454545454,0.8716936830312177,0.00022831050228310504,False
556,486,4,20,62,191,0.06451612903225806,0.10471204188481675,0.5896551724137931,0.8863235449548016,0.00022831050228310504,False
763,693,3,16,62,191,0.04838709677419355,0.08376963350785341,0.5561440677966102,0.8888107917164192,0.00022831050228310504,False
604,534,3,16,62,191,0.04838709677419355,0.08376963350785341,0.5561440677966102,0.8888107917164192,0.00022831050228310504,False
673,603,3,16,62,191,0.04838709677419355,0.08376963350785341,0.5561440677966102,0.8888107917164192,0.00022831050228310504,False
249,227,3,16,62,191,0.04838709677419355,0.08376963350785341,0.5561440677966102,0.8888107917164192,0.00022831050228310504,False
486,416,3,16,62,191,0.04838709677419355,0.08376963350785341,0.5561440677966102,0.8888107917164192,0.00022831050228310504,False
636,566,1,7,62,191,0.016129032258064516,0.03664921465968586,0.4309133489461358,0.898297215532184,0.00022831050228310504,False
285,263,2,12,62,191,0.03225806451612903,0.06282722513089005,0.49722222222222223,0.8983785746559518,0.00022831050228310504,False
542,472,2,12,62,191,0.03225806451612903,0.06282722513089005,0.49722222222222223,0.8983785746559518,0.00022831050228310504,False
592,522,5,25,62,191,0.08064516129032258,0.13089005235602094,0.5824561403508772,0.9057642469721496,0.00022831050228310504,False
487,417,3,17,62,191,0.04838709677419355,0.08900523560209424,0.5204386839481555,0.9097204791711877,0.00022831050228310504,False
605,535,3,17,62,191,0.04838709677419355,0.08900523560209424,0.5204386839481555,0.9097204791711877,0.00022831050228310504,False
40,18,2,13,62,191,0.03225806451612903,0.06806282722513089,0.4564102564102564,0.9199016961273339,0.00022831050228310504,False
654,584,5,26,62,191,0.08064516129032258,0.13612565445026178,0.5566801619433198,0.921476080578241,0.00022831050228310504,False
566,496,4,22,62,191,0.06451612903225806,0.11518324607329843,0.5297805642633229,0.9226354825447151,0.00022831050228310504,False
724,654,1,8,62,191,0.016129032258064516,0.041884816753926704,0.375,0.9240342467036313,0.00022831050228310504,False
211,189,7,34,62,191,0.11290322580645161,0.17801047120418848,0.5877005347593582,0.924460785238969,0.00022831050228310504,False
887,817,3,18,62,191,0.04838709677419355,0.09424083769633508,0.4887005649717514,0.9270704344269328,0.00022831050228310504,False
270,248,5,27,62,191,0.08064516129032258,0.14136125654450263,0.5328135152696556,0.934883826473329,0.00022831050228310504,False
204,182,5,27,62,191,0.08064516129032258,0.14136125654450263,0.5328135152696556,0.934883826473329,0.00022831050228310504,False
58,36,6,31,62,191,0.0967741935483871,0.16230366492146597,0.5529953917050692,0.9350031060756696,0.00022831050228310504,False
70,48,4,23,62,191,0.06451612903225806,0.12041884816753927,0.5037481259370314,0.9366523968062077,0.00022831050228310504,False
38,16,4,23,62,191,0.06451612903225806,0.12041884816753927,0.5037481259370314,0.9366523968062077,0.00022831050228310504,False
590,520,4,23,62,191,0.06451612903225806,0.12041884816753927,0.5037481259370314,0.9366523968062077,0.00022831050228310504,False
46,24,3,19,62,191,0.04838709677419355,0.09947643979057591,0.46030330062444247,0.9413699778579949,0.00022831050228310504,False
49,27,3,19,62,191,0.04838709677419355,0.09947643979057591,0.46030330062444247,0.9413699778579949,0.00022831050228310504,False
1037,967,1,9,62,191,0.016129032258064516,0.04712041884816754,0.331511839708561,0.9433370200822168,0.00022831050228310504,False
209,187,7,36,62,191,0.11290322580645161,0.18848167539267016,0.547979797979798,0.9466332634160344,0.00022831050228310504,False
472,402,4,24,62,191,0.06451612903225806,0.1256544502617801,0.47988505747126436,0.9483745065204648,0.00022831050228310504,False
146,124,2,15,62,191,0.03225806451612903,0.07853403141361257,0.39111111111111113,0.9508879329981752,0.00022831050228310504,False
39,17,2,15,62,191,0.03225806451612903,0.07853403141361257,0.39111111111111113,0.9508879329981752,0.00022831050228310504,False
482,412,2,15,62,191,0.03225806451612903,0.07853403141361257,0.39111111111111113,0.9508879329981752,0.00022831050228310504,False
57,35,6,33,62,191,0.0967741935483871,0.17277486910994763,0.512987012987013,0.9551030038227469,0.00022831050228310504,False
210,188,7,37,62,191,0.11290322580645161,0.193717277486911,0.5297297297297298,0.955441160037779,0.00022831050228310504,False
196,174,5,29,62,191,0.08064516129032258,0.1518324607329843,0.4900181488203267,0.9558417863007435,0.00022831050228310504,False
48,26,2,16,62,191,0.03225806451612903,0.08376963350785341,0.3645833333333333,0.9617745958349011,0.00022831050228310504,False
56,34,6,34,62,191,0.0967741935483871,0.17801047120418848,0.4947478991596639,0.9629320232849756,0.00022831050228310504,False
59,37,5,30,62,191,0.08064516129032258,0.15706806282722513,0.47076023391812866,0.9638790592887244,0.00022831050228310504,False
214,192,5,30,62,191,0.08064516129032258,0.15706806282722513,0.47076023391812866,0.9638790592887244,0.00022831050228310504,False
25,3,4,26,62,191,0.06451612903225806,0.13612565445026178,0.4376657824933687,0.9661735382507423,0.00022831050228310504,False
576,506,4,26,62,191,0.06451612903225806,0.13612565445026178,0.4376657824933687,0.9661735382507423,0.00022831050228310504,False
640,570,1,11,62,191,0.016129032258064516,0.05759162303664921,0.26825633383010433,0.968607286914237,0.00022831050228310504,False
975,905,1,11,62,191,0.016129032258064516,0.05759162303664921,0.26825633383010433,0.968607286914237,0.00022831050228310504,False
23,1,3,22,62,191,0.04838709677419355,0.11518324607329843,0.39060092449922956,0.9703423334959882,0.00022831050228310504,False
213,191,5,31,62,191,0.08064516129032258,0.16230366492146597,0.4527447651386531,0.9705807511039467,0.00022831050228310504,False
69,47,4,27,62,191,0.06451612903225806,0.14136125654450263,0.41890166028097064,0.9727953838318535,0.00022831050228310504,False
76,54,4,27,62,191,0.06451612903225806,0.14136125654450263,0.41890166028097064,0.9727953838318535,0.00022831050228310504,False
972,902,2,18,62,191,0.03225806451612903,0.09424083769633508,0.32037037037037036,0.9770961387476643,0.00022831050228310504,False
973,903,1,13,62,191,0.016129032258064516,0.06806282722513089,0.2244640605296343,0.9827068702569401,0.00022831050228310504,False
207,185,4,30,62,191,0.06451612903225806,0.15706806282722513,0.3701149425287356,0.9861894205139817,0.00022831050228310504,False
74,52,4,30,62,191,0.06451612903225806,0.15706806282722513,0.3701149425287356,0.9861894205139817,0.00022831050228310504,False
27,5,3,27,62,191,0.04838709677419355,0.14136125654450263,0.3088512241054614,0.9912018698539256,0.00022831050228310504,False
82,60,5,37,62,191,0.08064516129032258,0.193717277486911,0.36510194404931245,0.9921146757452696,0.00022831050228310504,False
26,4,3,28,62,191,0.04838709677419355,0.14659685863874344,0.2960048426150121,0.9931739933562904,0.00022831050228310504,False
227,205,5,38,62,191,0.08064516129032258,0.19895287958115182,0.35318559556786705,0.993753070481808,0.00022831050228310504,False
677,607,1,17,62,191,0.016129032258064516,0.08900523560209424,0.1677917068466731,0.9948440152521495,0.00022831050228310504,False
84,62,3,31,62,191,0.04838709677419355,0.16230366492146597,0.2624384909786769,0.9968749735119727,0.00022831050228310504,False
32,10,3,32,62,191,0.04838709677419355,0.16753926701570682,0.2526483050847458,0.9976068607036159,0.00022831050228310504,False
28,6,3,32,62,191,0.04838709677419355,0.16753926701570682,0.2526483050847458,0.9976068607036159,0.00022831050228310504,False
226,204,5,43,62,191,0.08064516129032258,0.225130890052356,0.3019175846593227,0.998153218815039,0.00022831050228310504,False
94,72,0,6,62,191,0.0,0.031413612565445025,0.0,1.0,0.00022831050228310504,False
1038,968,0,9,62,191,0.0,0.04712041884816754,0.0,1.0,0.00022831050228310504,False
