raw,original_resi,new_resi,is_case,status,remapped_mut
A1212V,1212,,1,absent_in_isoform,
T818M,818,773.0,1,mapped,T773M
C635G,635,590.0,1,mapped,C590G
E457K,457,412.0,1,mapped,E412K
S160P,160,160.0,1,mapped,S160P
F444L,444,399.0,1,mapped,F399L
T601A,601,556.0,1,mapped,T556A
V565M,565,520.0,1,mapped,V520M
S1242L,1242,,1,absent_in_isoform,
S1234I,1234,,1,absent_in_isoform,
S922L,922,877.0,1,mapped,S877L
V913M,913,868.0,1,mapped,V868M
G821R,821,776.0,1,mapped,G776R
C699R,699,654.0,1,mapped,C654R
R32C,32,32.0,1,mapped,R32C
P554T,554,509.0,1,mapped,P509T
P69L,69,69.0,1,mapped,P69L
I1070V,1070,1025.0,1,mapped,I1025V
V1036M,1036,991.0,1,mapped,V991M
R482H,482,437.0,1,mapped,R437H
T420N,420,375.0,1,mapped,T375N
A354G,354,,1,absent_in_isoform,
T1241M,1241,,1,absent_in_isoform,
D1214N,1214,,1,absent_in_isoform,
P1202A,1202,,1,absent_in_isoform,
E1176K,1176,,1,absent_in_isoform,
M1168I,1168,,1,absent_in_isoform,
T1139A,1139,,1,absent_in_isoform,
R1124Q,1124,,1,absent_in_isoform,
A1119T,1119,,1,absent_in_isoform,
F1040L,1040,995.0,1,mapped,F995L
K975R,975,930.0,1,mapped,K930R
I966M,966,921.0,1,mapped,I921M
A907G,907,862.0,1,mapped,A862G
V885I,885,840.0,1,mapped,V840I
M837I,837,792.0,1,mapped,M792I
D832N,832,787.0,1,mapped,D787N
V800I,800,755.0,1,mapped,V755I
R790H,790,745.0,1,mapped,R745H
R790H,790,745.0,1,mapped,R745H
K784Q,784,739.0,1,mapped,K739Q
E761D,761,716.0,1,mapped,E716D
A738T,738,693.0,1,mapped,A693T
T737M,737,692.0,1,mapped,T692M
D733N,733,688.0,1,mapped,D688N
R722W,722,677.0,1,mapped,R677W
P708L,708,663.0,1,mapped,P663L
R651S,651,606.0,1,mapped,R606S
R621C,621,576.0,1,mapped,R576C
R588H,588,543.0,1,mapped,R543H
R563W,563,518.0,1,mapped,R518W
A514V,514,469.0,1,mapped,A469V
V512I,512,467.0,1,mapped,V467I
R482H,482,437.0,1,mapped,R437H
V463I,463,418.0,1,mapped,V418I
P460S,460,415.0,1,mapped,P415S
V448M,448,403.0,1,mapped,V403M
I446V,446,401.0,1,mapped,I401V
F443L,443,398.0,1,mapped,F398L
P427S,427,382.0,1,mapped,P382S
A400E,400,355.0,1,mapped,A355E
A376D,376,,1,absent_in_isoform,
S364R,364,,1,absent_in_isoform,
A354G,354,,1,absent_in_isoform,
N322K,322,,1,absent_in_isoform,
G317R,317,,1,absent_in_isoform,
L310R,310,,1,absent_in_isoform,
A291S,291,,1,absent_in_isoform,
R270W,270,270.0,1,mapped,R270W
L227V,227,227.0,1,mapped,L227V
V201D,201,201.0,1,mapped,V201D
R196Q,196,196.0,1,mapped,R196Q
I157T,157,157.0,1,mapped,I157T
E146K,146,146.0,1,mapped,E146K
G133R,133,133.0,1,mapped,G133R
F123L,123,123.0,1,mapped,F123L
I113V,113,113.0,1,mapped,I113V
T107M,107,107.0,1,mapped,T107M
M28V,28,28.0,1,mapped,M28V
H20D,20,,1,absent_in_isoform,
R1014C,1014,969.0,1,mapped,R969C
S470P,470,425.0,1,mapped,S425P
T40S,40,40.0,0,mapped,T40S
S19N,19,,0,absent_in_isoform,
D526H,526,481.0,0,mapped,D481H
P685L,685,640.0,0,mapped,P640L
P126L,126,126.0,0,mapped,P126L
G1025S,1025,980.0,0,mapped,G980S
I236V,236,236.0,0,mapped,I236V
I213M,213,213.0,0,mapped,I213M
I899V,899,854.0,0,mapped,I854V
R728C,728,683.0,0,mapped,R683C
T433M,433,388.0,0,mapped,T388M
K61Q,61,61.0,0,mapped,K61Q
C57S,57,57.0,0,mapped,C57S
A1082T,1082,1037.0,0,mapped,A1037T
A985V,985,940.0,0,mapped,A940V
D980N,980,935.0,0,mapped,D935N
P929L,929,884.0,0,mapped,P884L
E758K,758,713.0,0,mapped,E713K
I741V,741,696.0,0,mapped,I696V
P663A,663,618.0,0,mapped,P618A
E644K,644,599.0,0,mapped,E599K
D526H,526,481.0,0,mapped,D481H
G517S,517,472.0,0,mapped,G472S
A329P,329,,0,absent_in_isoform,
E132K,132,132.0,0,mapped,E132K
T94S,94,94.0,0,mapped,T94S
R59C,59,59.0,0,mapped,R59C
G39D,39,39.0,0,mapped,G39D
G25R,25,25.0,0,mapped,G25R
E23K,23,23.0,0,mapped,E23K
S18W,18,,0,absent_in_isoform,
D1222E,1222,,0,absent_in_isoform,
R1142C,1142,,0,absent_in_isoform,
R1142C,1142,,0,absent_in_isoform,
V1113M,1113,,0,absent_in_isoform,
E1108K,1108,,0,absent_in_isoform,
P1105L,1105,,0,absent_in_isoform,
I1070V,1070,1025.0,0,mapped,I1025V
G1018S,1018,973.0,0,mapped,G973S
R942C,942,897.0,0,mapped,R897C
I839T,839,794.0,0,mapped,I794T
R777L,777,732.0,0,mapped,R732L
M729V,729,684.0,0,mapped,M684V
D667N,667,622.0,0,mapped,D622N
E655K,655,610.0,0,mapped,E610K
R653Q,653,608.0,0,mapped,R608Q
R649P,649,604.0,0,mapped,R604P
R646C,646,601.0,0,mapped,R601C
T611S,611,566.0,0,mapped,T566S
R606H,606,561.0,0,mapped,R561H
N567S,567,522.0,0,mapped,N522S
I544T,544,499.0,0,mapped,I499T
I530V,530,485.0,0,mapped,I485V
R508H,508,463.0,0,mapped,R463H
V463I,463,418.0,0,mapped,V418I
V422G,422,377.0,0,mapped,V377G
V264M,264,264.0,0,mapped,V264M
V216I,216,216.0,0,mapped,V216I
R196Q,196,196.0,0,mapped,R196Q
G128S,128,128.0,0,mapped,G128S
I113V,113,113.0,0,mapped,I113V
V99A,99,99.0,0,mapped,V99A
I87V,87,87.0,0,mapped,I87V
Q84R,84,84.0,0,mapped,Q84R
F82L,82,82.0,0,mapped,F82L
D74Y,74,74.0,0,mapped,D74Y
E66G,66,66.0,0,mapped,E66G
I46M,46,46.0,0,mapped,I46M
V44L,44,44.0,0,mapped,V44L
R38Q,38,38.0,0,mapped,R38Q
S1224N,1224,,0,absent_in_isoform,
L1219P,1219,,0,absent_in_isoform,
A1212V,1212,,0,absent_in_isoform,
N1207D,1207,,0,absent_in_isoform,
S1200W,1200,,0,absent_in_isoform,
S1200W,1200,,0,absent_in_isoform,
D1193H,1193,,0,absent_in_isoform,
D1193H,1193,,0,absent_in_isoform,
D1189N,1189,,0,absent_in_isoform,
D1177N,1177,,0,absent_in_isoform,
H1170Y,1170,,0,absent_in_isoform,
R1161L,1161,,0,absent_in_isoform,
V1144M,1144,,0,absent_in_isoform,
H1118L,1118,,0,absent_in_isoform,
E1111K,1111,,0,absent_in_isoform,
I1104M,1104,,0,absent_in_isoform,
L1089F,1089,,0,absent_in_isoform,
T1083A,1083,1038.0,0,mapped,T1038A
T1083A,1083,1038.0,0,mapped,T1038A
I1068L,1068,1023.0,0,mapped,I1023L
C1067S,1067,1022.0,0,mapped,C1022S
L1061P,1061,1016.0,0,mapped,L1016P
S1057A,1057,1012.0,0,mapped,S1012A
C1056S,1056,1011.0,0,mapped,C1011S
P1053T,1053,1008.0,0,mapped,P1008T
P1053T,1053,1008.0,0,mapped,P1008T
C1033Y,1033,988.0,0,mapped,C988Y
I1026V,1026,981.0,0,mapped,I981V
R1020C,1020,975.0,0,mapped,R975C
R1020C,1020,975.0,0,mapped,R975C
H1017Q,1017,972.0,0,mapped,H972Q
P986A,986,941.0,0,mapped,P941A
S981R,981,936.0,0,mapped,S936R
G957S,957,912.0,0,mapped,G912S
M951I,951,906.0,0,mapped,M906I
R942C,942,897.0,0,mapped,R897C
E932D,932,887.0,0,mapped,E887D
P930L,930,885.0,0,mapped,P885L
T927I,927,882.0,0,mapped,T882I
A924T,924,879.0,0,mapped,A879T
C898F,898,853.0,0,mapped,C853F
V892A,892,847.0,0,mapped,V847A
V862I,862,817.0,0,mapped,V817I
S860C,860,815.0,0,mapped,S815C
A836T,836,791.0,0,mapped,A791T
R812Q,812,767.0,0,mapped,R767Q
E810K,810,765.0,0,mapped,E765K
H808Y,808,763.0,0,mapped,H763Y
R777L,777,732.0,0,mapped,R732L
I773T,773,728.0,0,mapped,I728T
E769A,769,724.0,0,mapped,E724A
R767S,767,722.0,0,mapped,R722S
R767S,767,722.0,0,mapped,R722S
R767S,767,722.0,0,mapped,R722S
K760R,760,715.0,0,mapped,K715R
G746D,746,701.0,0,mapped,G701D
R728C,728,683.0,0,mapped,R683C
R728C,728,683.0,0,mapped,R683C
G724S,724,679.0,0,mapped,G679S
G724S,724,679.0,0,mapped,G679S
R718C,718,673.0,0,mapped,R673C
R718C,718,673.0,0,mapped,R673C
E715G,715,670.0,0,mapped,E670G
V702M,702,657.0,0,mapped,V657M
L694F,694,649.0,0,mapped,L649F
D692N,692,647.0,0,mapped,D647N
N691Y,691,646.0,0,mapped,N646Y
D688N,688,643.0,0,mapped,D643N
S681G,681,636.0,0,mapped,S636G
I672V,672,627.0,0,mapped,I627V
V657I,657,612.0,0,mapped,V612I
D652H,652,607.0,0,mapped,D607H
P650L,650,605.0,0,mapped,P605L
R649P,649,604.0,0,mapped,R604P
A642E,642,597.0,0,mapped,A597E
A642E,642,597.0,0,mapped,A597E
K637Q,637,592.0,0,mapped,K592Q
K634R,634,589.0,0,mapped,K589R
V631L,631,586.0,0,mapped,V586L
R606H,606,561.0,0,mapped,R561H
P592A,592,547.0,0,mapped,P547A
V587L,587,542.0,0,mapped,V542L
P586H,586,541.0,0,mapped,P541H
P586H,586,541.0,0,mapped,P541H
T569M,569,524.0,0,mapped,T524M
A547T,547,502.0,0,mapped,A502T
A543S,543,498.0,0,mapped,A498S
T532S,532,487.0,0,mapped,T487S
N531D,531,486.0,0,mapped,N486D
P527S,527,482.0,0,mapped,P482S
K522Q,522,477.0,0,mapped,K477Q
T503M,503,458.0,0,mapped,T458M
I496V,496,451.0,0,mapped,I451V
A486T,486,441.0,0,mapped,A441T
D477N,477,432.0,0,mapped,D432N
K476N,476,431.0,0,mapped,K431N
C432Y,432,387.0,0,mapped,C387Y
P427S,427,382.0,0,mapped,P382S
P427S,427,382.0,0,mapped,P382S
Y415C,415,370.0,0,mapped,Y370C
I410V,410,365.0,0,mapped,I365V
K383M,383,338.0,0,mapped,K338M
S377N,377,,0,absent_in_isoform,
A376D,376,,0,absent_in_isoform,
K375N,375,,0,absent_in_isoform,
G368S,368,,0,absent_in_isoform,
G368S,368,,0,absent_in_isoform,
A365G,365,,0,absent_in_isoform,
S364R,364,,0,absent_in_isoform,
L331V,331,,0,absent_in_isoform,
D325E,325,,0,absent_in_isoform,
A320T,320,,0,absent_in_isoform,
G317R,317,,0,absent_in_isoform,
D316E,316,,0,absent_in_isoform,
A314T,314,,0,absent_in_isoform,
P313R,313,,0,absent_in_isoform,
G303D,303,,0,absent_in_isoform,
K301R,301,,0,absent_in_isoform,
E294K,294,,0,absent_in_isoform,
I285V,285,285.0,0,mapped,I285V
I284V,284,284.0,0,mapped,I284V
H263Q,263,263.0,0,mapped,H263Q
R249C,249,249.0,0,mapped,R249C
I236V,236,236.0,0,mapped,I236V
L234V,234,234.0,0,mapped,L234V
G226S,226,226.0,0,mapped,G226S
P223S,223,223.0,0,mapped,P223S
A214S,214,214.0,0,mapped,A214S
G211R,211,211.0,0,mapped,G211R
G211R,211,211.0,0,mapped,G211R
V210I,210,210.0,0,mapped,V210I
V209A,209,209.0,0,mapped,V209A
E207A,207,207.0,0,mapped,E207A
A206P,206,206.0,0,mapped,A206P
P204R,204,204.0,0,mapped,P204R
Q202H,202,202.0,0,mapped,Q202H
E187K,187,187.0,0,mapped,E187K
R185H,185,185.0,0,mapped,R185H
S184N,184,184.0,0,mapped,S184N
R180Q,180,180.0,0,mapped,R180Q
D172E,172,172.0,0,mapped,D172E
N171S,171,171.0,0,mapped,N171S
T168M,168,168.0,0,mapped,T168M
L159F,159,159.0,0,mapped,L159F
G139S,139,139.0,0,mapped,G139S
A137V,137,137.0,0,mapped,A137V
E129D,129,129.0,0,mapped,E129D
P126L,126,126.0,0,mapped,P126L
I117V,117,117.0,0,mapped,I117V
E76G,76,76.0,0,mapped,E76G
D74Y,74,74.0,0,mapped,D74Y
D74Y,74,74.0,0,mapped,D74Y
G70V,70,70.0,0,mapped,G70V
K61Q,61,61.0,0,mapped,K61Q
R58W,58,58.0,0,mapped,R58W
I56T,56,56.0,0,mapped,I56T
T49I,49,49.0,0,mapped,T49I
E48G,48,48.0,0,mapped,E48G
V44L,44,44.0,0,mapped,V44L
G39D,39,39.0,0,mapped,G39D
M28V,28,28.0,0,mapped,M28V
T27I,27,27.0,0,mapped,T27I
C26Y,26,26.0,0,mapped,C26Y
E23K,23,23.0,0,mapped,E23K
H20D,20,,0,absent_in_isoform,
S18W,18,,0,absent_in_isoform,
N13T,13,,0,absent_in_isoform,
D8N,8,,0,absent_in_isoform,
D8N,8,,0,absent_in_isoform,
N6K,6,,0,absent_in_isoform,
M4V,4,,0,absent_in_isoform,
M4V,4,,0,absent_in_isoform,
